Cenario;Cap;Ano;Supply_Ewatt;Emission_Anual_Ewatt;Crescimento_Anual_Pct;Founder_Accum_Pct;Miners_Estimados;Emission_Bloco_Ewatt;Multiplicador_xEquilibrium;Te
Pessimista - Solo Miner;3×;0;100.0;0;0;0;1;0;0;0
Pessimista - Solo Miner;3×;1;107.499979;7.499979;7.5;6.9767;1;0.0001426;2.7907;1
Pessimista - Solo Miner;3×;2;115.562473;8.062493;7.5;13.4667;1;0.00015329;2.7907;1
Pessimista - Solo Miner;3×;3;124.22961;8.667137;7.5;19.5039;1;0.00016479;2.7907;1
Pessimista - Solo Miner;3×;4;133.546781;9.317171;7.5;25.1199;1;0.00017715;2.7907;1
Pessimista - Solo Miner;3×;5;143.562742;10.015961;7.5;30.344;1;0.00019043;2.7907;1
Pessimista - Solo Miner;3×;6;154.329932;10.76719;7.5;35.2038;1;0.00020472;2.7907;1
Pessimista - Solo Miner;3×;7;165.904629;11.574697;7.5;39.7244;1;0.00022007;2.7907;1
Pessimista - Solo Miner;3×;8;178.347475;12.442846;7.5;43.9297;1;0.00023657;2.7907;1
Pessimista - Solo Miner;3×;9;191.723532;13.376057;7.5;47.8416;1;0.00025432;2.7907;1
Pessimista - Solo Miner;3×;10;206.102752;14.37922;7.5;51.4805;1;0.00027339;2.7907;1
Pessimista - Solo Miner;3×;11;221.560454;15.457701;7.5;54.8656;1;0.0002939;2.7907;1
Pessimista - Solo Miner;3×;12;238.177476;16.617022;7.5;58.0145;1;0.00031594;2.7907;1
Pessimista - Solo Miner;3×;13;256.040761;17.863285;7.5;60.9437;1;0.00033963;2.7907;1
Pessimista - Solo Miner;3×;14;275.243771;19.20301;7.5;63.6686;1;0.0003651;2.7907;1
Pessimista - Solo Miner;3×;15;295.887017;20.643246;7.5;66.2033;1;0.00039249;2.7907;1
Pessimista - Solo Miner;3×;16;318.078532;22.191515;7.5;68.5612;1;0.00042192;2.7907;1
Pessimista - Solo Miner;3×;17;341.934394;23.855863;7.5;70.7546;1;0.00045357;2.7907;1
Pessimista - Solo Miner;3×;18;367.579468;25.645073;7.5;72.795;1;0.00048759;2.7907;1
Pessimista - Solo Miner;3×;19;395.147924;27.568456;7.5;74.693;1;0.00052415;2.7907;1
Pessimista - Solo Miner;3×;20;424.783982;29.636058;7.5;76.4586;1;0.00056347;2.7907;1
Pessimista - Solo Miner;3×;21;456.642746;31.858765;7.5;78.101;1;0.00060573;2.7907;1
Pessimista - Solo Miner;3×;22;490.890947;34.248201;7.5;79.6289;1;0.00065116;2.7907;1
Pessimista - Solo Miner;3×;23;527.707727;36.816779;7.5;81.0501;1;0.00069999;2.7907;1
Pessimista - Solo Miner;3×;24;567.285796;39.578069;7.5;82.3722;1;0.00075249;2.7907;1
Pessimista - Solo Miner;3×;25;609.832226;42.54643;7.5;83.602;1;0.00080893;2.7907;1
Pessimista - Solo Miner;3×;26;655.569602;45.737376;7.5;84.7461;1;0.0008696;2.7907;1
Pessimista - Solo Miner;3×;27;704.737289;49.167688;7.5;85.8103;1;0.00093482;2.7907;1
Pessimista - Solo Miner;3×;28;757.592535;52.855246;7.5;86.8003;1;0.00100493;2.7907;1
Pessimista - Solo Miner;3×;29;814.411941;56.819406;7.5;87.7212;1;0.0010803;2.7907;1
Pessimista - Solo Miner;3×;30;875.492833;61.080892;7.5;88.5779;1;0.00116132;2.7907;1
Pessimista - Solo Miner;5×;0;100.0;0;0;0;1;0;0;0
Pessimista - Solo Miner;5×;1;112.499965;12.499965;12.5;11.1111;1;0.00023766;4.4444;1
Pessimista - Solo Miner;5×;2;126.562453;14.062487;12.5;20.9876;1;0.00026737;4.4444;1
Pessimista - Solo Miner;5×;3;142.382751;15.820298;12.5;29.7668;1;0.00030079;4.4444;1
Pessimista - Solo Miner;5×;4;160.180554;17.797803;12.5;37.5704;1;0.00033839;4.4444;1
Pessimista - Solo Miner;5×;5;180.203114;20.022561;12.5;44.5071;1;0.00038069;4.4444;1
Pessimista - Solo Miner;5×;6;202.728456;22.525342;12.5;50.6729;1;0.00042827;4.4444;1
Pessimista - Solo Miner;5×;7;228.069472;25.341016;12.5;56.1537;1;0.00048181;4.4444;1
Pessimista - Solo Miner;5×;8;256.578134;28.508662;12.5;61.0255;1;0.00054203;4.4444;1
Pessimista - Solo Miner;5×;9;288.650386;32.072252;12.5;65.356;1;0.00060978;4.4444;1
Pessimista - Solo Miner;5×;10;324.731663;36.081277;12.5;69.2053;1;0.00068601;4.4444;1
Pessimista - Solo Miner;5×;11;365.323099;40.591436;12.5;72.627;1;0.00077176;4.4444;1
Pessimista - Solo Miner;5×;12;410.988472;45.665372;12.5;75.6684;1;0.00086823;4.4444;1
Pessimista - Solo Miner;5×;13;462.361983;51.373511;12.5;78.3719;1;0.00097676;4.4444;1
Pessimista - Solo Miner;5×;14;520.157203;57.79522;12.5;80.775;1;0.00109885;4.4444;1
Pessimista - Solo Miner;5×;15;585.176851;65.019649;12.5;82.9111;1;0.00123621;4.4444;1
Pessimista - Solo Miner;5×;16;658.323949;73.147098;12.5;84.8099;1;0.00139073;4.4444;1
Pessimista - Solo Miner;5×;17;740.614441;82.290492;12.5;86.4977;1;0.00156458;4.4444;1
Pessimista - Solo Miner;5×;18;833.191238;92.576797;12.5;87.998;1;0.00176015;4.4444;1
Pessimista - Solo Miner;5×;19;937.340102;104.148864;12.5;89.3315;1;0.00198017;4.4444;1
Pessimista - Solo Miner;5×;20;1054.50758;117.167478;12.5;90.5169;1;0.00222769;4.4444;1
Pessimista - Solo Miner;5×;21;1186.320992;131.813413;12.5;91.5706;1;0.00250615;4.4444;1
Pessimista - Solo Miner;5×;22;1334.611101;148.290109;12.5;92.5072;1;0.00281942;4.4444;1
Pessimista - Solo Miner;5×;23;1501.437461;166.82636;12.5;93.3397;1;0.00317184;4.4444;1
Pessimista - Solo Miner;5×;24;1689.117135;187.679674;12.5;94.0797;1;0.00356833;4.4444;1
Pessimista - Solo Miner;5×;25;1900.25673;211.139594;12.5;94.7376;1;0.00401437;4.4444;1
Pessimista - Solo Miner;5×;26;2137.788786;237.532057;12.5;95.3223;1;0.00451616;4.4444;1
Pessimista - Solo Miner;5×;27;2405.012337;267.22355;12.5;95.842;1;0.00508068;4.4444;1
Pessimista - Solo Miner;5×;28;2705.63887;300.626534;12.5;96.304;1;0.00571577;4.4444;1
Pessimista - Solo Miner;5×;29;3043.843721;338.20485;12.5;96.7147;1;0.00643024;4.4444;1
Pessimista - Solo Miner;5×;30;3424.324184;380.480463;12.5;97.0797;1;0.00723402;4.4444;1
Pessimista - Solo Miner;10×;0;100.0;0;0;0;1;0;0;0
Pessimista - Solo Miner;10×;1;124.999983;24.999983;25.0;20.0;1;0.00047532;8.0;1
Pessimista - Solo Miner;10×;2;156.249949;31.249966;25.0;36.0;1;0.00059415;8.0;1
Pessimista - Solo Miner;10×;3;195.31242;39.062471;25.0;48.8;1;0.00074269;8.0;1
Pessimista - Solo Miner;10×;4;244.140495;48.828075;25.0;59.04;1;0.00092836;8.0;1
Pessimista - Solo Miner;10×;5;305.175576;61.035081;25.0;67.232;1;0.00116045;8.0;1
Pessimista - Solo Miner;10×;6;381.46944;76.293864;25.0;73.7856;1;0.00145056;8.0;1
Pessimista - Solo Miner;10×;7;476.83677;95.36733;25.0;79.0285;1;0.00181321;8.0;1
Pessimista - Solo Miner;10×;8;596.04592;119.20915;25.0;83.2228;1;0.00226651;8.0;1
Pessimista - Solo Miner;10×;9;745.057383;149.011463;25.0;86.5782;1;0.00283313;8.0;1
Pessimista - Solo Miner;10×;10;931.321699;186.264316;25.0;89.2626;1;0.00354142;8.0;1
Pessimista - Solo Miner;10×;11;1164.152094;232.830395;25.0;91.4101;1;0.00442677;8.0;1
Pessimista - Solo Miner;10×;12;1455.190114;291.03802;25.0;93.128;1;0.00553346;8.0;1
Pessimista - Solo Miner;10×;13;1818.987599;363.797485;25.0;94.5024;1;0.00691683;8.0;1
Pessimista - Solo Miner;10×;14;2273.734456;454.746857;25.0;95.6019;1;0.00864603;8.0;1
Pessimista - Solo Miner;10×;15;2842.16804;568.433584;25.0;96.4816;1;0.01080754;8.0;1
Pessimista - Solo Miner;10×;16;3552.710021;710.54198;25.0;97.1852;1;0.01350943;8.0;1
Pessimista - Solo Miner;10×;17;4440.887522;888.177502;25.0;97.7482;1;0.01688679;8.0;1
Pessimista - Solo Miner;10×;18;5551.109399;1110.221877;25.0;98.1986;1;0.02110848;8.0;1
Pessimista - Solo Miner;10×;19;6938.886733;1387.777333;25.0;98.5588;1;0.02638561;8.0;1
Pessimista - Solo Miner;10×;20;8673.608373;1734.72164;25.0;98.8471;1;0.03298201;8.0;1
Pessimista - Solo Miner;10×;21;10842.010436;2168.402063;25.0;99.0777;1;0.04122751;8.0;1
Pessimista - Solo Miner;10×;22;13552.513002;2710.502566;25.0;99.2621;1;0.05153439;8.0;1
Pessimista - Solo Miner;10×;23;16940.641236;3388.128234;25.0;99.4097;1;0.06441798;8.0;1
Pessimista - Solo Miner;10×;24;21175.801542;4235.160305;25.0;99.5278;1;0.08052248;8.0;1
Pessimista - Solo Miner;10×;25;26469.751884;5293.950342;25.0;99.6222;1;0.1006531;8.0;1
Pessimista - Solo Miner;10×;26;33087.189838;6617.437954;25.0;99.6978;1;0.12581637;8.0;1
Pessimista - Solo Miner;10×;27;41358.987268;8271.79743;25.0;99.7582;1;0.15727047;8.0;1
Pessimista - Solo Miner;10×;28;51698.734081;10339.746813;25.0;99.8066;1;0.19658808;8.0;1
Pessimista - Solo Miner;10×;29;64623.417559;12924.683477;25.0;99.8453;1;0.2457351;8.0;1
Pessimista - Solo Miner;10×;30;80779.271919;16155.85436;25.0;99.8762;1;0.30716888;8.0;1
Base - Crescimento Gradual;3×;0;100.0;0;0;0;1;0;0;0
Base - Crescimento Gradual;3×;1;102.499993;2.499993;2.5;2.439;1000;4.753e-05;0.9756;1000000
Base - Crescimento Gradual;3×;2;103.354152;0.854159;0.8333;3.2453;3000;1.624e-05;0.3306;3000000
Base - Crescimento Gradual;3×;3;103.870908;0.516756;0.5;3.7267;5000;9.82e-06;0.199;5000000
Base - Crescimento Gradual;3×;4;104.241867;0.37096;0.3571;4.0693;7000;7.05e-06;0.1423;7000000
Base - Crescimento Gradual;3×;5;104.531408;0.289541;0.2778;4.335;9000;5.5e-06;0.1108;9000000
Base - Crescimento Gradual;3×;6;104.792705;0.261297;0.25;4.5735;10000;4.97e-06;0.0997;10000000
Base - Crescimento Gradual;3×;7;105.054686;0.261981;0.25;4.8115;10000;4.98e-06;0.0998;10000000
Base - Crescimento Gradual;3×;8;105.317298;0.262612;0.25;5.0488;10000;4.99e-06;0.0997;10000000
Base - Crescimento Gradual;3×;9;105.580541;0.263243;0.25;5.2856;10000;5.01e-06;0.0997;10000000
Base - Crescimento Gradual;3×;10;105.844468;0.263927;0.25;5.5218;10000;5.02e-06;0.0997;10000000
Base - Crescimento Gradual;3×;11;106.109078;0.26461;0.25;5.7574;10000;5.03e-06;0.0998;10000000
Base - Crescimento Gradual;3×;12;106.37432;0.265242;0.25;5.9923;10000;5.04e-06;0.0997;10000000
Base - Crescimento Gradual;3×;13;106.640245;0.265925;0.25;6.2268;10000;5.06e-06;0.0997;10000000
Base - Crescimento Gradual;3×;14;106.906802;0.266557;0.25;6.4606;10000;5.07e-06;0.0997;10000000
Base - Crescimento Gradual;3×;15;107.174042;0.26724;0.25;6.6938;10000;5.08e-06;0.0997;10000000
Base - Crescimento Gradual;3×;16;107.441966;0.267924;0.25;6.9265;10000;5.09e-06;0.0997;10000000
Base - Crescimento Gradual;3×;17;107.710521;0.268555;0.25;7.1586;10000;5.11e-06;0.0997;10000000
Base - Crescimento Gradual;3×;18;107.97976;0.269239;0.25;7.3901;10000;5.12e-06;0.0997;10000000
Base - Crescimento Gradual;3×;19;108.249683;0.269923;0.25;7.621;10000;5.13e-06;0.0997;10000000
Base - Crescimento Gradual;3×;20;108.520289;0.270606;0.25;7.8513;10000;5.14e-06;0.0997;10000000
Base - Crescimento Gradual;3×;21;108.791579;0.27129;0.25;8.0811;10000;5.16e-06;0.0997;10000000
Base - Crescimento Gradual;3×;22;109.063553;0.271974;0.25;8.3103;10000;5.17e-06;0.0997;10000000
Base - Crescimento Gradual;3×;23;109.336211;0.272658;0.25;8.539;10000;5.18e-06;0.0998;10000000
Base - Crescimento Gradual;3×;24;109.6095;0.273289;0.25;8.767;10000;5.2e-06;0.0997;10000000
Base - Crescimento Gradual;3×;25;109.883472;0.273973;0.25;8.9945;10000;5.21e-06;0.0997;10000000
Base - Crescimento Gradual;3×;26;110.158128;0.274656;0.25;9.2214;10000;5.22e-06;0.0997;10000000
Base - Crescimento Gradual;3×;27;110.433521;0.275393;0.25;9.4478;10000;5.24e-06;0.0997;10000000
Base - Crescimento Gradual;3×;28;110.709598;0.276076;0.25;9.6736;10000;5.25e-06;0.0997;10000000
Base - Crescimento Gradual;3×;29;110.986358;0.27676;0.25;9.8988;10000;5.26e-06;0.0997;10000000
Base - Crescimento Gradual;3×;30;111.263802;0.277444;0.25;10.1235;10000;5.28e-06;0.0997;10000000
Base - Crescimento Gradual;5×;0;100.0;0;0;0;1;0;0;0
Base - Crescimento Gradual;5×;1;102.499993;2.499993;2.5;2.439;1000;4.753e-05;0.9756;1000000
Base - Crescimento Gradual;5×;2;103.354152;0.854159;0.8333;3.2453;3000;1.624e-05;0.3306;3000000
Base - Crescimento Gradual;5×;3;103.870908;0.516756;0.5;3.7267;5000;9.82e-06;0.199;5000000
Base - Crescimento Gradual;5×;4;104.241867;0.37096;0.3571;4.0693;7000;7.05e-06;0.1423;7000000
Base - Crescimento Gradual;5×;5;104.531408;0.289541;0.2778;4.335;9000;5.5e-06;0.1108;9000000
Base - Crescimento Gradual;5×;6;104.792705;0.261297;0.25;4.5735;10000;4.97e-06;0.0997;10000000
Base - Crescimento Gradual;5×;7;105.054686;0.261981;0.25;4.8115;10000;4.98e-06;0.0998;10000000
Base - Crescimento Gradual;5×;8;105.317298;0.262612;0.25;5.0488;10000;4.99e-06;0.0997;10000000
Base - Crescimento Gradual;5×;9;105.580541;0.263243;0.25;5.2856;10000;5.01e-06;0.0997;10000000
Base - Crescimento Gradual;5×;10;105.844468;0.263927;0.25;5.5218;10000;5.02e-06;0.0997;10000000
Base - Crescimento Gradual;5×;11;106.109078;0.26461;0.25;5.7574;10000;5.03e-06;0.0998;10000000
Base - Crescimento Gradual;5×;12;106.37432;0.265242;0.25;5.9923;10000;5.04e-06;0.0997;10000000
Base - Crescimento Gradual;5×;13;106.640245;0.265925;0.25;6.2268;10000;5.06e-06;0.0997;10000000
Base - Crescimento Gradual;5×;14;106.906802;0.266557;0.25;6.4606;10000;5.07e-06;0.0997;10000000
Base - Crescimento Gradual;5×;15;107.174042;0.26724;0.25;6.6938;10000;5.08e-06;0.0997;10000000
Base - Crescimento Gradual;5×;16;107.441966;0.267924;0.25;6.9265;10000;5.09e-06;0.0997;10000000
Base - Crescimento Gradual;5×;17;107.710521;0.268555;0.25;7.1586;10000;5.11e-06;0.0997;10000000
Base - Crescimento Gradual;5×;18;107.97976;0.269239;0.25;7.3901;10000;5.12e-06;0.0997;10000000
Base - Crescimento Gradual;5×;19;108.249683;0.269923;0.25;7.621;10000;5.13e-06;0.0997;10000000
Base - Crescimento Gradual;5×;20;108.520289;0.270606;0.25;7.8513;10000;5.14e-06;0.0997;10000000
Base - Crescimento Gradual;5×;21;108.791579;0.27129;0.25;8.0811;10000;5.16e-06;0.0997;10000000
Base - Crescimento Gradual;5×;22;109.063553;0.271974;0.25;8.3103;10000;5.17e-06;0.0997;10000000
Base - Crescimento Gradual;5×;23;109.336211;0.272658;0.25;8.539;10000;5.18e-06;0.0998;10000000
Base - Crescimento Gradual;5×;24;109.6095;0.273289;0.25;8.767;10000;5.2e-06;0.0997;10000000
Base - Crescimento Gradual;5×;25;109.883472;0.273973;0.25;8.9945;10000;5.21e-06;0.0997;10000000
Base - Crescimento Gradual;5×;26;110.158128;0.274656;0.25;9.2214;10000;5.22e-06;0.0997;10000000
Base - Crescimento Gradual;5×;27;110.433521;0.275393;0.25;9.4478;10000;5.24e-06;0.0997;10000000
Base - Crescimento Gradual;5×;28;110.709598;0.276076;0.25;9.6736;10000;5.25e-06;0.0997;10000000
Base - Crescimento Gradual;5×;29;110.986358;0.27676;0.25;9.8988;10000;5.26e-06;0.0997;10000000
Base - Crescimento Gradual;5×;30;111.263802;0.277444;0.25;10.1235;10000;5.28e-06;0.0997;10000000
Base - Crescimento Gradual;10×;0;100.0;0;0;0;1;0;0;0
Base - Crescimento Gradual;10×;1;102.499993;2.499993;2.5;2.439;1000;4.753e-05;0.9756;1000000
Base - Crescimento Gradual;10×;2;103.354152;0.854159;0.8333;3.2453;3000;1.624e-05;0.3306;3000000
Base - Crescimento Gradual;10×;3;103.870908;0.516756;0.5;3.7267;5000;9.82e-06;0.199;5000000
Base - Crescimento Gradual;10×;4;104.241867;0.37096;0.3571;4.0693;7000;7.05e-06;0.1423;7000000
Base - Crescimento Gradual;10×;5;104.531408;0.289541;0.2778;4.335;9000;5.5e-06;0.1108;9000000
Base - Crescimento Gradual;10×;6;104.792705;0.261297;0.25;4.5735;10000;4.97e-06;0.0997;10000000
Base - Crescimento Gradual;10×;7;105.054686;0.261981;0.25;4.8115;10000;4.98e-06;0.0998;10000000
Base - Crescimento Gradual;10×;8;105.317298;0.262612;0.25;5.0488;10000;4.99e-06;0.0997;10000000
Base - Crescimento Gradual;10×;9;105.580541;0.263243;0.25;5.2856;10000;5.01e-06;0.0997;10000000
Base - Crescimento Gradual;10×;10;105.844468;0.263927;0.25;5.5218;10000;5.02e-06;0.0997;10000000
Base - Crescimento Gradual;10×;11;106.109078;0.26461;0.25;5.7574;10000;5.03e-06;0.0998;10000000
Base - Crescimento Gradual;10×;12;106.37432;0.265242;0.25;5.9923;10000;5.04e-06;0.0997;10000000
Base - Crescimento Gradual;10×;13;106.640245;0.265925;0.25;6.2268;10000;5.06e-06;0.0997;10000000
Base - Crescimento Gradual;10×;14;106.906802;0.266557;0.25;6.4606;10000;5.07e-06;0.0997;10000000
Base - Crescimento Gradual;10×;15;107.174042;0.26724;0.25;6.6938;10000;5.08e-06;0.0997;10000000
Base - Crescimento Gradual;10×;16;107.441966;0.267924;0.25;6.9265;10000;5.09e-06;0.0997;10000000
Base - Crescimento Gradual;10×;17;107.710521;0.268555;0.25;7.1586;10000;5.11e-06;0.0997;10000000
Base - Crescimento Gradual;10×;18;107.97976;0.269239;0.25;7.3901;10000;5.12e-06;0.0997;10000000
Base - Crescimento Gradual;10×;19;108.249683;0.269923;0.25;7.621;10000;5.13e-06;0.0997;10000000
Base - Crescimento Gradual;10×;20;108.520289;0.270606;0.25;7.8513;10000;5.14e-06;0.0997;10000000
Base - Crescimento Gradual;10×;21;108.791579;0.27129;0.25;8.0811;10000;5.16e-06;0.0997;10000000
Base - Crescimento Gradual;10×;22;109.063553;0.271974;0.25;8.3103;10000;5.17e-06;0.0997;10000000
Base - Crescimento Gradual;10×;23;109.336211;0.272658;0.25;8.539;10000;5.18e-06;0.0998;10000000
Base - Crescimento Gradual;10×;24;109.6095;0.273289;0.25;8.767;10000;5.2e-06;0.0997;10000000
Base - Crescimento Gradual;10×;25;109.883472;0.273973;0.25;8.9945;10000;5.21e-06;0.0997;10000000
Base - Crescimento Gradual;10×;26;110.158128;0.274656;0.25;9.2214;10000;5.22e-06;0.0997;10000000
Base - Crescimento Gradual;10×;27;110.433521;0.275393;0.25;9.4478;10000;5.24e-06;0.0997;10000000
Base - Crescimento Gradual;10×;28;110.709598;0.276076;0.25;9.6736;10000;5.25e-06;0.0997;10000000
Base - Crescimento Gradual;10×;29;110.986358;0.27676;0.25;9.8988;10000;5.26e-06;0.0997;10000000
Base - Crescimento Gradual;10×;30;111.263802;0.277444;0.25;10.1235;10000;5.28e-06;0.0997;10000000
Otimista - Bootstrap Rapido;3×;0;100.0;0;0;0;1;0;0;0
Otimista - Bootstrap Rapido;3×;1;102.499993;2.499993;2.5;2.439;1000;4.753e-05;0.9756;1000000
Otimista - Bootstrap Rapido;3×;2;102.724315;0.224322;0.2189;2.6521;11421;4.26e-06;0.0873;11421052
Otimista - Bootstrap Rapido;3×;3;102.841867;0.117552;0.1144;2.7633;21842;2.24e-06;0.0457;21842105
Otimista - Bootstrap Rapido;3×;4;102.92155;0.079683;0.0775;2.8386;32263;1.51e-06;0.031;32263157
Otimista - Bootstrap Rapido;3×;5;102.981825;0.060275;0.0586;2.8955;42684;1.15e-06;0.0234;42684210
Otimista - Bootstrap Rapido;3×;6;103.030266;0.048441;0.047;2.9411;53105;9.2e-07;0.0188;53105263
Otimista - Bootstrap Rapido;3×;7;103.070765;0.040499;0.0393;2.9793;63526;7.7e-07;0.0157;63526315
Otimista - Bootstrap Rapido;3×;8;103.105583;0.034819;0.0338;3.012;73947;6.6e-07;0.0135;73947368
Otimista - Bootstrap Rapido;3×;9;103.136089;0.030506;0.0296;3.0407;84368;5.8e-07;0.0118;84368421
Otimista - Bootstrap Rapido;3×;10;103.163281;0.027192;0.0264;3.0663;94789;5.2e-07;0.0105;94789473
Otimista - Bootstrap Rapido;3×;11;103.181059;0.017777;0.0172;3.083;145000;3.4e-07;0.0069;145000000
Otimista - Bootstrap Rapido;3×;12;103.191999;0.01094;0.0106;3.0933;235000;2.1e-07;0.0042;235000000
Otimista - Bootstrap Rapido;3×;13;103.199888;0.007889;0.0076;3.1007;325000;1.5e-07;0.0031;325000000
Otimista - Bootstrap Rapido;3×;14;103.206094;0.006206;0.006;3.1065;415000;1.2e-07;0.0024;415000000
Otimista - Bootstrap Rapido;3×;15;103.211196;0.005102;0.0049;3.1113;505000;1e-07;0.002;505000000
Otimista - Bootstrap Rapido;3×;16;103.215509;0.004313;0.0042;3.1153;595000;8e-08;0.0017;595000000
Otimista - Bootstrap Rapido;3×;17;103.219243;0.003734;0.0036;3.1188;685000;7e-08;0.0014;685000000
Otimista - Bootstrap Rapido;3×;18;103.222557;0.003314;0.0032;3.122;775000;6e-08;0.0013;775000000
Otimista - Bootstrap Rapido;3×;19;103.225502;0.002945;0.0029;3.1247;865000;6e-08;0.0011;865000000
Otimista - Bootstrap Rapido;3×;20;103.228185;0.002682;0.0026;3.1272;955000;5e-08;0.001;955000000
Otimista - Bootstrap Rapido;3×;21;103.230762;0.002577;0.0025;3.1297;1000000;5e-08;0.001;1000000000
Otimista - Bootstrap Rapido;3×;22;103.233339;0.002577;0.0025;3.1321;1000000;5e-08;0.001;1000000000
Otimista - Bootstrap Rapido;3×;23;103.235916;0.002577;0.0025;3.1345;1000000;5e-08;0.001;1000000000
Otimista - Bootstrap Rapido;3×;24;103.238494;0.002577;0.0025;3.1369;1000000;5e-08;0.001;1000000000
Otimista - Bootstrap Rapido;3×;25;103.241071;0.002577;0.0025;3.1393;1000000;5e-08;0.001;1000000000
Otimista - Bootstrap Rapido;3×;26;103.243648;0.002577;0.0025;3.1417;1000000;5e-08;0.001;1000000000
Otimista - Bootstrap Rapido;3×;27;103.246225;0.002577;0.0025;3.1442;1000000;5e-08;0.001;1000000000
Otimista - Bootstrap Rapido;3×;28;103.248802;0.002577;0.0025;3.1466;1000000;5e-08;0.001;1000000000
Otimista - Bootstrap Rapido;3×;29;103.25138;0.002577;0.0025;3.149;1000000;5e-08;0.001;1000000000
Otimista - Bootstrap Rapido;3×;30;103.253957;0.002577;0.0025;3.1514;1000000;5e-08;0.001;1000000000
Otimista - Bootstrap Rapido;5×;0;100.0;0;0;0;1;0;0;0
Otimista - Bootstrap Rapido;5×;1;102.499993;2.499993;2.5;2.439;1000;4.753e-05;0.9756;1000000
Otimista - Bootstrap Rapido;5×;2;102.724315;0.224322;0.2189;2.6521;11421;4.26e-06;0.0873;11421052
Otimista - Bootstrap Rapido;5×;3;102.841867;0.117552;0.1144;2.7633;21842;2.24e-06;0.0457;21842105
Otimista - Bootstrap Rapido;5×;4;102.92155;0.079683;0.0775;2.8386;32263;1.51e-06;0.031;32263157
Otimista - Bootstrap Rapido;5×;5;102.981825;0.060275;0.0586;2.8955;42684;1.15e-06;0.0234;42684210
Otimista - Bootstrap Rapido;5×;6;103.030266;0.048441;0.047;2.9411;53105;9.2e-07;0.0188;53105263
Otimista - Bootstrap Rapido;5×;7;103.070765;0.040499;0.0393;2.9793;63526;7.7e-07;0.0157;63526315
Otimista - Bootstrap Rapido;5×;8;103.105583;0.034819;0.0338;3.012;73947;6.6e-07;0.0135;73947368
Otimista - Bootstrap Rapido;5×;9;103.136089;0.030506;0.0296;3.0407;84368;5.8e-07;0.0118;84368421
Otimista - Bootstrap Rapido;5×;10;103.163281;0.027192;0.0264;3.0663;94789;5.2e-07;0.0105;94789473
Otimista - Bootstrap Rapido;5×;11;103.181059;0.017777;0.0172;3.083;145000;3.4e-07;0.0069;145000000
Otimista - Bootstrap Rapido;5×;12;103.191999;0.01094;0.0106;3.0933;235000;2.1e-07;0.0042;235000000
Otimista - Bootstrap Rapido;5×;13;103.199888;0.007889;0.0076;3.1007;325000;1.5e-07;0.0031;325000000
Otimista - Bootstrap Rapido;5×;14;103.206094;0.006206;0.006;3.1065;415000;1.2e-07;0.0024;415000000
Otimista - Bootstrap Rapido;5×;15;103.211196;0.005102;0.0049;3.1113;505000;1e-07;0.002;505000000
Otimista - Bootstrap Rapido;5×;16;103.215509;0.004313;0.0042;3.1153;595000;8e-08;0.0017;595000000
Otimista - Bootstrap Rapido;5×;17;103.219243;0.003734;0.0036;3.1188;685000;7e-08;0.0014;685000000
Otimista - Bootstrap Rapido;5×;18;103.222557;0.003314;0.0032;3.122;775000;6e-08;0.0013;775000000
Otimista - Bootstrap Rapido;5×;19;103.225502;0.002945;0.0029;3.1247;865000;6e-08;0.0011;865000000
Otimista - Bootstrap Rapido;5×;20;103.228185;0.002682;0.0026;3.1272;955000;5e-08;0.001;955000000
Otimista - Bootstrap Rapido;5×;21;103.230762;0.002577;0.0025;3.1297;1000000;5e-08;0.001;1000000000
Otimista - Bootstrap Rapido;5×;22;103.233339;0.002577;0.0025;3.1321;1000000;5e-08;0.001;1000000000
Otimista - Bootstrap Rapido;5×;23;103.235916;0.002577;0.0025;3.1345;1000000;5e-08;0.001;1000000000
Otimista - Bootstrap Rapido;5×;24;103.238494;0.002577;0.0025;3.1369;1000000;5e-08;0.001;1000000000
Otimista - Bootstrap Rapido;5×;25;103.241071;0.002577;0.0025;3.1393;1000000;5e-08;0.001;1000000000
Otimista - Bootstrap Rapido;5×;26;103.243648;0.002577;0.0025;3.1417;1000000;5e-08;0.001;1000000000
Otimista - Bootstrap Rapido;5×;27;103.246225;0.002577;0.0025;3.1442;1000000;5e-08;0.001;1000000000
Otimista - Bootstrap Rapido;5×;28;103.248802;0.002577;0.0025;3.1466;1000000;5e-08;0.001;1000000000
Otimista - Bootstrap Rapido;5×;29;103.25138;0.002577;0.0025;3.149;1000000;5e-08;0.001;1000000000
Otimista - Bootstrap Rapido;5×;30;103.253957;0.002577;0.0025;3.1514;1000000;5e-08;0.001;1000000000
Otimista - Bootstrap Rapido;10×;0;100.0;0;0;0;1;0;0;0
Otimista - Bootstrap Rapido;10×;1;102.499993;2.499993;2.5;2.439;1000;4.753e-05;0.9756;1000000
Otimista - Bootstrap Rapido;10×;2;102.724315;0.224322;0.2189;2.6521;11421;4.26e-06;0.0873;11421052
Otimista - Bootstrap Rapido;10×;3;102.841867;0.117552;0.1144;2.7633;21842;2.24e-06;0.0457;21842105
Otimista - Bootstrap Rapido;10×;4;102.92155;0.079683;0.0775;2.8386;32263;1.51e-06;0.031;32263157
Otimista - Bootstrap Rapido;10×;5;102.981825;0.060275;0.0586;2.8955;42684;1.15e-06;0.0234;42684210
Otimista - Bootstrap Rapido;10×;6;103.030266;0.048441;0.047;2.9411;53105;9.2e-07;0.0188;53105263
Otimista - Bootstrap Rapido;10×;7;103.070765;0.040499;0.0393;2.9793;63526;7.7e-07;0.0157;63526315
Otimista - Bootstrap Rapido;10×;8;103.105583;0.034819;0.0338;3.012;73947;6.6e-07;0.0135;73947368
Otimista - Bootstrap Rapido;10×;9;103.136089;0.030506;0.0296;3.0407;84368;5.8e-07;0.0118;84368421
Otimista - Bootstrap Rapido;10×;10;103.163281;0.027192;0.0264;3.0663;94789;5.2e-07;0.0105;94789473
Otimista - Bootstrap Rapido;10×;11;103.181059;0.017777;0.0172;3.083;145000;3.4e-07;0.0069;145000000
Otimista - Bootstrap Rapido;10×;12;103.191999;0.01094;0.0106;3.0933;235000;2.1e-07;0.0042;235000000
Otimista - Bootstrap Rapido;10×;13;103.199888;0.007889;0.0076;3.1007;325000;1.5e-07;0.0031;325000000
Otimista - Bootstrap Rapido;10×;14;103.206094;0.006206;0.006;3.1065;415000;1.2e-07;0.0024;415000000
Otimista - Bootstrap Rapido;10×;15;103.211196;0.005102;0.0049;3.1113;505000;1e-07;0.002;505000000
Otimista - Bootstrap Rapido;10×;16;103.215509;0.004313;0.0042;3.1153;595000;8e-08;0.0017;595000000
Otimista - Bootstrap Rapido;10×;17;103.219243;0.003734;0.0036;3.1188;685000;7e-08;0.0014;685000000
Otimista - Bootstrap Rapido;10×;18;103.222557;0.003314;0.0032;3.122;775000;6e-08;0.0013;775000000
Otimista - Bootstrap Rapido;10×;19;103.225502;0.002945;0.0029;3.1247;865000;6e-08;0.0011;865000000
Otimista - Bootstrap Rapido;10×;20;103.228185;0.002682;0.0026;3.1272;955000;5e-08;0.001;955000000
Otimista - Bootstrap Rapido;10×;21;103.230762;0.002577;0.0025;3.1297;1000000;5e-08;0.001;1000000000
Otimista - Bootstrap Rapido;10×;22;103.233339;0.002577;0.0025;3.1321;1000000;5e-08;0.001;1000000000
Otimista - Bootstrap Rapido;10×;23;103.235916;0.002577;0.0025;3.1345;1000000;5e-08;0.001;1000000000
Otimista - Bootstrap Rapido;10×;24;103.238494;0.002577;0.0025;3.1369;1000000;5e-08;0.001;1000000000
Otimista - Bootstrap Rapido;10×;25;103.241071;0.002577;0.0025;3.1393;1000000;5e-08;0.001;1000000000
Otimista - Bootstrap Rapido;10×;26;103.243648;0.002577;0.0025;3.1417;1000000;5e-08;0.001;1000000000
Otimista - Bootstrap Rapido;10×;27;103.246225;0.002577;0.0025;3.1442;1000000;5e-08;0.001;1000000000
Otimista - Bootstrap Rapido;10×;28;103.248802;0.002577;0.0025;3.1466;1000000;5e-08;0.001;1000000000
Otimista - Bootstrap Rapido;10×;29;103.25138;0.002577;0.0025;3.149;1000000;5e-08;0.001;1000000000
Otimista - Bootstrap Rapido;10×;30;103.253957;0.002577;0.0025;3.1514;1000000;5e-08;0.001;1000000000
